{"song":{"player1":"bf-pixel","sectionLengths":[],"notes":[{"lengthInSteps":16,"sectionNotes":[[500,3,0],[750,1,0],[1000,0,250],[1375,1,0],[1875,2,0]],"typeOfSection":0,"altAnim":false,"mustHitSection":false,"changeBPM":false,"bpm":150},{"lengthInSteps":16,"sectionNotes":[[3625,0,0],[2125,2,0],[2375,2,0],[2500,0,0],[2750,0,0],[2625,1,0],[3000,3,250],[3375,3,0],[3875,1,0]],"typeOfSection":0,"altAnim":false,"mustHitSection":false,"changeBPM":false,"bpm":150},{"lengthInSteps":16,"sectionNotes":[[4500,7,0],[4750,5,0],[5000,4,250],[5375,5,0],[5875,6,0]],"typeOfSection":0,"altAnim":false,"mustHitSection":true,"changeBPM":false,"bpm":150},{"lengthInSteps":16,"sectionNotes":[[6125,6,0],[6375,6,0],[6500,4,0],[6625,5,0],[6750,4,0],[7000,7,250],[7375,7,0],[7625,4,0],[7875,5,0]],"typeOfSection":0,"altAnim":false,"mustHitSection":true,"changeBPM":false,"bpm":150},{"lengthInSteps":16,"sectionNotes":[[8000,2,125],[8250,3,0],[8500,2,0],[8625,1,0],[8750,0,0],[8875,3,250],[9250,1,0],[9500,0,0],[9750,1,0],[9875,3,250]],"typeOfSection":0,"altAnim":false,"mustHitSection":false,"changeBPM":false,"bpm":150},{"lengthInSteps":16,"sectionNotes":[[10250,1,0],[10500,3,0],[10750,2,0],[10875,3,250],[11250,1,0],[11500,0,0],[11750,3,0]],"typeOfSection":0,"altAnim":false,"mustHitSection":false,"changeBPM":false,"bpm":150},{"lengthInSteps":16,"sectionNotes":[[12000,6,125],[12250,7,0],[12500,6,0],[12625,5,0],[12750,4,0],[12875,7,250],[13250,5,0],[13500,4,0],[13750,6,0],[13875,7,250]],"typeOfSection":0,"altAnim":false,"mustHitSection":true,"changeBPM":false,"bpm":120},{"lengthInSteps":16,"sectionNotes":[[14250,5,0],[14500,7,0],[14875,7,250],[15250,5,0],[15500,4,0],[15750,7,0],[14750,6,0]],"typeOfSection":0,"altAnim":false,"mustHitSection":true,"changeBPM":false,"bpm":120},{"lengthInSteps":16,"sectionNotes":[[16500,0,0],[16625,2,0],[16750,0,0],[16875,2,0],[17000,3,125],[17250,1,0],[17500,0,0],[17750,3,0]],"typeOfSection":0,"altAnim":false,"mustHitSection":false,"changeBPM":false,"bpm":120},{"lengthInSteps":16,"sectionNotes":[[18000,0,0],[18250,3,0],[18500,0,0],[18750,2,0],[19000,3,0],[19250,1,0],[19500,0,0],[19750,3,0]],"typeOfSection":0,"altAnim":false,"mustHitSection":false,"changeBPM":false,"bpm":120},{"lengthInSteps":16,"sectionNotes":[[20500,4,0],[20625,6,0],[20750,4,0],[20875,6,0],[21000,7,125],[21250,5,0],[21500,4,0],[21750,7,0]],"typeOfSection":0,"altAnim":false,"mustHitSection":true,"changeBPM":false,"bpm":120},{"lengthInSteps":16,"sectionNotes":[[22000,4,0],[22250,7,0],[22500,4,0],[22750,6,0],[23000,7,0],[23250,5,0],[23500,4,0],[23750,7,0]],"typeOfSection":0,"altAnim":false,"mustHitSection":true,"changeBPM":false,"bpm":120},{"lengthInSteps":16,"sectionNotes":[[24000,2,0],[24250,0,0],[24375,1,0],[24625,0,0],[24750,3,0],[25000,3,0],[25250,1,0],[25375,3,0],[25625,0,0],[25750,3,0],[25875,1,0]],"typeOfSection":0,"altAnim":false,"mustHitSection":false,"changeBPM":false,"bpm":120},{"lengthInSteps":16,"sectionNotes":[[26000,2,0],[26000,2,0],[26250,0,0],[26375,1,0],[26625,0,0],[26750,3,0],[27000,3,0],[27250,1,0],[27375,3,0],[27625,0,0],[27750,3,0]],"typeOfSection":0,"altAnim":false,"mustHitSection":false,"changeBPM":false,"bpm":120},{"lengthInSteps":16,"sectionNotes":[[28000,6,0],[28250,4,0],[28375,5,0],[28625,4,0],[28750,7,0],[29000,7,0],[29250,5,0],[29375,7,0],[29625,4,0],[29750,7,0],[29875,5,0]],"typeOfSection":0,"altAnim":false,"mustHitSection":true,"changeBPM":false,"bpm":120},{"lengthInSteps":16,"sectionNotes":[[30000,6,0],[30250,4,0],[30375,5,0],[30625,4,0],[30750,7,0],[31000,7,0],[31250,5,0],[31375,7,0],[31625,4,0],[31750,7,0]],"typeOfSection":0,"altAnim":false,"mustHitSection":true,"changeBPM":false,"bpm":120},{"lengthInSteps":16,"sectionNotes":[[32000,0,0],[32250,1,0],[32375,0,0],[32500,3,0],[32750,1,0],[33000,2,0],[33250,1,0],[33375,3,0],[33625,1,0],[33750,0,0]],"typeOfSection":0,"altAnim":false,"mustHitSection":false,"changeBPM":false,"bpm":120},{"lengthInSteps":16,"sectionNotes":[[34000,1,0],[34250,1,0],[34375,0,0],[34500,3,0],[34750,1,0],[35000,2,0],[35250,1,0],[35375,3,0],[35625,1,0],[35750,0,0]],"typeOfSection":0,"altAnim":false,"mustHitSection":false,"changeBPM":false,"bpm":120},{"lengthInSteps":16,"sectionNotes":[[36000,4,0],[36250,5,0],[36375,4,0],[36500,7,0],[36750,5,0],[37000,6,0],[37250,5,0],[37375,7,0],[37625,5,0],[37750,4,0]],"typeOfSection":0,"altAnim":false,"mustHitSection":true,"changeBPM":false,"bpm":120},{"lengthInSteps":16,"sectionNotes":[[38000,5,0],[38250,5,0],[38375,4,0],[38500,7,0],[38750,5,0],[39000,6,0],[39250,5,0],[39375,7,0],[39625,5,0],[39750,4,0]],"typeOfSection":0,"altAnim":false,"mustHitSection":true,"changeBPM":false,"bpm":120},{"lengthInSteps":16,"sectionNotes":[[40000,1,0],[40125,0,0],[40250,0,0],[40375,3,0],[40500,2,0],[40625,2,0],[40750,3,0],[41000,2,0],[41250,0,0],[41375,1,0],[41500,1,0],[41625,1,0],[41750,3,0]],"typeOfSection":0,"altAnim":false,"mustHitSection":false,"changeBPM":false,"bpm":120},{"lengthInSteps":16,"sectionNotes":[[42000,1,0],[42250,0,0],[42375,3,0],[42500,2,0],[42625,2,0],[42750,3,0],[43000,2,0],[43250,0,0],[43375,3,0],[43625,1,0],[43750,3,0]],"typeOfSection":0,"altAnim":false,"mustHitSection":false,"changeBPM":false,"bpm":120},{"lengthInSteps":16,"sectionNotes":[[44000,5,0],[44125,4,0],[44250,4,0],[44375,7,0],[44500,6,0],[44625,6,0],[44750,7,0],[45000,6,0],[45250,4,0],[45375,5,0],[45500,5,0],[45625,5,0],[45750,7,0]],"typeOfSection":0,"altAnim":false,"mustHitSection":true,"changeBPM":false,"bpm":120},{"lengthInSteps":16,"sectionNotes":[[46000,5,0],[46250,4,0],[46375,7,0],[46500,6,0],[46625,6,0],[46750,7,0],[47000,6,0],[47250,4,0],[47375,7,0],[47625,5,0],[47750,7,0]],"typeOfSection":0,"altAnim":false,"mustHitSection":true,"changeBPM":false,"bpm":120},{"lengthInSteps":16,"sectionNotes":[[48000,2,0],[48125,3,0],[48250,2,0],[48375,0,0],[48625,0,0],[48500,2,0],[48875,0,0],[49000,2,0],[48750,3,0],[49125,3,0],[49250,1,0],[49375,3,0],[49500,0,375]],"typeOfSection":0,"altAnim":false,"mustHitSection":false,"changeBPM":false,"bpm":120},{"lengthInSteps":16,"sectionNotes":[[50000,2,0],[50125,3,0],[50250,2,0],[50375,0,0],[50625,0,0],[50875,0,0],[51000,2,0],[50500,3,0],[50750,2,0],[51250,3,0],[51125,0,0],[51375,0,0],[51500,1,0]],"typeOfSection":0,"altAnim":false,"mustHitSection":false,"changeBPM":false,"bpm":120},{"lengthInSteps":16,"sectionNotes":[[52000,6,0],[52125,7,0],[52250,6,0],[52375,4,0],[52500,6,0],[52625,4,0],[52750,7,0],[52875,4,0],[53000,6,0],[53125,7,0],[53250,5,0],[53375,7,0],[53500,4,375]],"typeOfSection":0,"altAnim":false,"mustHitSection":true,"changeBPM":false,"bpm":120},{"lengthInSteps":16,"sectionNotes":[[54000,6,0],[54125,7,0],[54250,6,0],[54375,4,0],[54500,7,0],[54625,4,0],[54750,6,0],[54875,4,0],[55000,6,0],[55125,4,0],[55250,7,0],[55375,4,0],[55500,5,0]],"typeOfSection":0,"altAnim":false,"mustHitSection":true,"changeBPM":false,"bpm":120},{"lengthInSteps":16,"sectionNotes":[[56000,0,0],[56125,3,0],[56250,1,0],[56375,0,0],[56500,3,0],[56625,0,0],[56750,0,0],[57000,0,0],[57125,3,0],[57250,1,0],[57375,0,0],[57500,3,0],[57625,0,0],[57750,0,0],[56875,1,0]],"typeOfSection":0,"altAnim":false,"mustHitSection":false,"changeBPM":false,"bpm":120},{"lengthInSteps":16,"sectionNotes":[[58000,0,0],[58125,3,0],[58250,1,0],[58375,0,0],[58500,3,0],[58625,0,0],[58750,0,0],[59000,0,0],[59125,3,0],[59250,1,0],[59375,0,0],[59500,3,0],[59625,0,0],[59750,0,0],[58875,1,0]],"typeOfSection":0,"altAnim":false,"mustHitSection":false,"changeBPM":false,"bpm":120},{"lengthInSteps":16,"sectionNotes":[[60000,4,0],[60125,7,0],[60250,5,0],[60375,4,0],[60500,7,0],[60625,4,0],[60750,4,0],[60875,5,0],[61000,4,0],[61125,7,0],[61250,5,0],[61375,4,0],[61500,7,0],[61625,4,0],[61750,4,0]],"typeOfSection":0,"altAnim":false,"mustHitSection":true,"changeBPM":false,"bpm":120},{"lengthInSteps":16,"sectionNotes":[[62000,4,0],[62125,7,0],[62250,5,0],[62375,4,0],[62500,7,0],[62625,4,0],[62750,4,0],[62875,5,0],[63000,4,0],[63125,7,0],[63250,5,0],[63375,4,0],[63500,7,0],[63625,4,0],[63750,4,0]],"typeOfSection":0,"altAnim":false,"mustHitSection":true,"changeBPM":false,"bpm":120},{"lengthInSteps":16,"sectionNotes":[[64500,3,0],[64750,1,0],[65000,0,250],[65375,1,0],[65875,2,0]],"typeOfSection":0,"altAnim":false,"mustHitSection":false,"changeBPM":false,"bpm":120},{"lengthInSteps":16,"sectionNotes":[[67625,0,0],[66125,2,0],[66375,2,0],[66500,0,0],[66750,0,0],[66625,1,0],[67000,3,250],[67375,3,0],[67875,1,0]],"typeOfSection":0,"altAnim":false,"mustHitSection":false,"changeBPM":false,"bpm":120},{"lengthInSteps":16,"sectionNotes":[[68500,7,0],[68750,5,0],[69000,4,250],[69875,6,0],[69375,5,0]],"typeOfSection":0,"altAnim":false,"mustHitSection":true,"changeBPM":false,"bpm":120},{"lengthInSteps":16,"sectionNotes":[[70125,6,0],[70375,6,0],[70500,4,0],[70625,5,0],[70750,4,0],[71375,7,0],[71000,7,250],[71625,4,0],[71875,5,0]],"typeOfSection":0,"altAnim":false,"mustHitSection":true,"changeBPM":false,"bpm":120},{"lengthInSteps":16,"sectionNotes":[[72000,2,125],[72250,3,0],[72500,2,0],[72625,1,0],[72750,0,0],[72875,3,250],[73250,1,0],[73500,0,0],[73750,1,0],[73875,3,250]],"typeOfSection":0,"altAnim":false,"mustHitSection":false,"changeBPM":false,"bpm":120},{"lengthInSteps":16,"sectionNotes":[[74250,1,0],[74500,3,0],[74750,2,0],[74875,3,250],[75250,1,0],[75500,0,0],[75750,3,0]],"typeOfSection":0,"altAnim":false,"mustHitSection":false,"changeBPM":false,"bpm":120},{"lengthInSteps":16,"sectionNotes":[[76000,6,125],[76250,7,0],[76750,4,0],[76625,5,0],[76500,6,0],[76875,7,250],[77250,5,0],[77500,4,0],[77750,5,0],[77875,7,250]],"typeOfSection":0,"altAnim":false,"mustHitSection":true,"changeBPM":false,"bpm":120},{"lengthInSteps":16,"sectionNotes":[[78250,5,0],[78500,7,0],[78750,6,0],[78875,7,250],[79250,5,0],[79500,4,0],[79750,7,0]],"typeOfSection":0,"altAnim":false,"mustHitSection":true,"changeBPM":false,"bpm":120},{"lengthInSteps":16,"sectionNotes":[[80000,0,0],[80125,3,0],[80250,1,0],[80375,0,0],[80500,3,0],[80625,0,0],[80750,0,0],[81000,0,0],[81125,3,0],[81250,1,0],[81375,0,0],[81500,3,0],[81625,0,0],[81750,0,0],[80875,1,0]],"typeOfSection":0,"altAnim":false,"mustHitSection":false,"changeBPM":false,"bpm":120},{"lengthInSteps":16,"sectionNotes":[[82000,0,0],[82125,3,0],[82250,1,0],[82375,0,0],[82500,3,0],[82625,0,0],[82750,0,0],[83000,0,0],[83125,3,0],[83250,1,0],[83375,0,0],[83500,3,0],[83625,0,0],[83750,0,0],[82875,1,0]],"typeOfSection":0,"altAnim":false,"mustHitSection":false,"changeBPM":false,"bpm":120},{"lengthInSteps":16,"sectionNotes":[[84000,4,0],[84125,7,0],[84250,5,0],[84375,4,0],[84500,7,0],[84625,4,0],[84750,4,0],[84875,5,0],[85000,4,0],[85125,7,0],[85250,5,0],[85375,4,0],[85500,7,0],[85625,4,0],[85750,4,0]],"typeOfSection":0,"altAnim":false,"mustHitSection":true,"changeBPM":false,"bpm":120},{"lengthInSteps":16,"sectionNotes":[[86000,4,0],[86125,7,0],[86250,5,0],[86375,4,0],[86500,7,0],[86625,4,0],[86750,4,0],[86875,5,0],[87000,4,0],[87125,7,0],[87250,5,0],[87375,4,0],[87500,7,0],[87625,4,0],[87750,4,0]],"typeOfSection":0,"altAnim":false,"mustHitSection":true,"changeBPM":false,"bpm":120},{"lengthInSteps":16,"sectionNotes":[],"typeOfSection":0,"altAnim":false,"mustHitSection":true,"changeBPM":false,"bpm":120},{"lengthInSteps":16,"sectionNotes":[],"typeOfSection":0,"altAnim":false,"mustHitSection":true,"changeBPM":false,"bpm":120},{"lengthInSteps":16,"sectionNotes":[],"typeOfSection":0,"altAnim":false,"mustHitSection":true,"changeBPM":false,"bpm":120},{"sectionNotes":[],"typeOfSection":0,"lengthInSteps":16,"altAnim":false,"mustHitSection":true,"changeBPM":false,"bpm":120},{"lengthInSteps":16,"altAnim":false,"typeOfSection":0,"sectionNotes":[],"bpm":120,"changeBPM":false,"mustHitSection":true}],"player2":"senpai-angry","song":"Roses","validScore":true,"sections":0,"needsVoices":true,"bpm":120,"speed":1.5}}